Api_url,count,status
http://127.0.0.1:8000/code_used_count?code=KlBbDTc0glDKTL,0,unused
http://127.0.0.1:8000/code_used_count?code=Z0VXOn5Nqsagcj,0,unused
http://127.0.0.1:8000/code_used_count?code=9GUF0ixjagliOZ,0,unused
http://127.0.0.1:8000/code_used_count?code=shaMuqxmvtqzFb,0,unused
http://127.0.0.1:8000/code_used_count?code=QfVkgXCmI1hVhM,0,unused
http://127.0.0.1:8000/code_used_count?code=bKziKKELzkMZEN,0,unused
http://127.0.0.1:8000/code_used_count?code=QIMaghw7t9whIl,0,unused
http://127.0.0.1:8000/code_used_count?code=oyovY2jeQk5ODi,0,unused
http://127.0.0.1:8000/code_used_count?code=uiz2Ov3rKWbhd7,0,unused
http://127.0.0.1:8000/code_used_count?code=BbdePfYfsFwF9D,0,unused
http://127.0.0.1:8000/code_used_count?code=ho2Ai8ujxRPckx,0,unused
http://127.0.0.1:8000/code_used_count?code=u2H5HK1FmO1FTH,0,unused
http://127.0.0.1:8000/code_used_count?code=TBhRPXwC7rUZdV,0,unused
http://127.0.0.1:8000/code_used_count?code=TTEqM7cFKwEI6l,0,unused
http://127.0.0.1:8000/code_used_count?code=lrmokHHnfD7c6L,0,unused
http://127.0.0.1:8000/code_used_count?code=kfY4ees9qpMKzl,0,unused
http://127.0.0.1:8000/code_used_count?code=ZZryK3hbjpNbEN,0,unused
http://127.0.0.1:8000/code_used_count?code=mfSQNjJWYhzO0g,0,unused
http://127.0.0.1:8000/code_used_count?code=BIgRX2H4MmccSv,0,unused
http://127.0.0.1:8000/code_used_count?code=Q2JHwRismQfQqu,0,unused
http://127.0.0.1:8000/code_used_count?code=K9V9d48jr4idBb,0,unused
http://127.0.0.1:8000/code_used_count?code=q5fJzPu0MNusb7,0,unused
http://127.0.0.1:8000/code_used_count?code=JI2ghAIhbsRQlC,0,unused
http://127.0.0.1:8000/code_used_count?code=UQU1LQhovUK1ZU,0,unused
http://127.0.0.1:8000/code_used_count?code=QMT3R7jlr3yldt,0,unused
http://127.0.0.1:8000/code_used_count?code=kPPPookTDZMZf7,0,unused
http://127.0.0.1:8000/code_used_count?code=qr9TelPUtw16D0,0,unused
http://127.0.0.1:8000/code_used_count?code=h803V4oFqvH2yT,0,unused
http://127.0.0.1:8000/code_used_count?code=hHojgXjIlFKF1J,0,unused
http://127.0.0.1:8000/code_used_count?code=Q4reXMb5YHjSrj,0,unused
http://127.0.0.1:8000/code_used_count?code=oktldGoUUZC7Bg,0,unused
http://127.0.0.1:8000/code_used_count?code=Ag8VVDexcsRWdB,0,unused
http://127.0.0.1:8000/code_used_count?code=VTxGFzy2qA1UIK,0,unused
http://127.0.0.1:8000/code_used_count?code=oaMSaiB1TMQcYc,0,unused
http://127.0.0.1:8000/code_used_count?code=kfL2gqmyrf42pZ,0,unused
http://127.0.0.1:8000/code_used_count?code=C2WzqDy9Dg7aHw,0,unused
http://127.0.0.1:8000/code_used_count?code=UTY94QIFI0iC5L,0,unused
http://127.0.0.1:8000/code_used_count?code=GgWyriTbXcx5zJ,0,unused
http://127.0.0.1:8000/code_used_count?code=yjVFn347Mpbs8G,0,unused
http://127.0.0.1:8000/code_used_count?code=FPBNjQlaXOpCVD,0,unused
http://127.0.0.1:8000/code_used_count?code=I70NSb80RTPsOw,0,unused
http://127.0.0.1:8000/code_used_count?code=PC2Rr1amvLaRWq,0,unused
http://127.0.0.1:8000/code_used_count?code=ZXwkeAKUeinHFm,0,unused
http://127.0.0.1:8000/code_used_count?code=zwDCNFa5FbhW2g,0,unused
http://127.0.0.1:8000/code_used_count?code=U9ZoiDNFhLQmoX,0,unused
http://127.0.0.1:8000/code_used_count?code=fEr2B591RUskBH,0,unused
http://127.0.0.1:8000/code_used_count?code=VA4heQqWdn6vZT,0,unused
http://127.0.0.1:8000/code_used_count?code=IwGdVNJA6qm057,0,unused
http://127.0.0.1:8000/code_used_count?code=SPkpqK9SHehMDx,0,unused
http://127.0.0.1:8000/code_used_count?code=PDAWGfwPLW0902,0,unused
http://127.0.0.1:8000/code_used_count?code=kLNnjsjAj6Gk6M,0,unused
http://127.0.0.1:8000/code_used_count?code=8NEZzXSzLdYP94,0,unused
http://127.0.0.1:8000/code_used_count?code=eRUe519ntQrW7y,0,unused
http://127.0.0.1:8000/code_used_count?code=lVr04w0Ta2Epzw,0,unused
http://127.0.0.1:8000/code_used_count?code=19D6f8c8vVatWA,0,unused
http://127.0.0.1:8000/code_used_count?code=nNgdE0zGfJgBjb,0,unused
http://127.0.0.1:8000/code_used_count?code=W8dPbmRKkXidLF,0,unused
http://127.0.0.1:8000/code_used_count?code=QpAr9uJn8S5AtS,0,unused
http://127.0.0.1:8000/code_used_count?code=e7ssM2tfLTP2mg,0,unused
http://127.0.0.1:8000/code_used_count?code=9VvNiq2fkRvz8d,0,unused
http://127.0.0.1:8000/code_used_count?code=tsemVJnObFVabT,0,unused
http://127.0.0.1:8000/code_used_count?code=xdA96lyq6RHIbo,0,unused
http://127.0.0.1:8000/code_used_count?code=gXTI9OyRn8YTW9,0,unused
http://127.0.0.1:8000/code_used_count?code=a0AmcOazMSF253,0,unused
http://127.0.0.1:8000/code_used_count?code=zTIm3EY1cIjkta,0,unused
http://127.0.0.1:8000/code_used_count?code=NRvqoyw2ZMFPbK,0,unused
http://127.0.0.1:8000/code_used_count?code=wFxK8oXEHhMdNr,0,unused
http://127.0.0.1:8000/code_used_count?code=GK4RbKY947vpuF,0,unused
http://127.0.0.1:8000/code_used_count?code=E1RP03SSs3Mf2h,0,unused
http://127.0.0.1:8000/code_used_count?code=yLenNyraGOU8Re,0,unused
http://127.0.0.1:8000/code_used_count?code=xt3mc3tqh7BTrT,0,unused
http://127.0.0.1:8000/code_used_count?code=ELwR75IVYqy6fh,0,unused
http://127.0.0.1:8000/code_used_count?code=0FFji3mJByaPT5,0,unused
http://127.0.0.1:8000/code_used_count?code=ge4OxQFmtZ5kYg,0,unused
http://127.0.0.1:8000/code_used_count?code=4XJTsd5ON2WnGV,0,unused
http://127.0.0.1:8000/code_used_count?code=CYoNcJf8Bsj23b,0,unused
http://127.0.0.1:8000/code_used_count?code=caUzdaxz5Ng4wf,0,unused
http://127.0.0.1:8000/code_used_count?code=eHUVZWVCicO5yB,0,unused
http://127.0.0.1:8000/code_used_count?code=tXTmz5mMahSL9I,0,unused
http://127.0.0.1:8000/code_used_count?code=1MjFrzaoyTZnPq,0,unused
http://127.0.0.1:8000/code_used_count?code=dT01lrYwR6CHPr,0,unused
http://127.0.0.1:8000/code_used_count?code=eke7XWoOrpTaRr,0,unused
http://127.0.0.1:8000/code_used_count?code=Zn9ptrCfJaQAsz,0,unused
http://127.0.0.1:8000/code_used_count?code=i7C4igsZVz2PNU,0,unused
http://127.0.0.1:8000/code_used_count?code=uM4biRZ3mK582z,0,unused
http://127.0.0.1:8000/code_used_count?code=jipdPFC8RRQbSy,0,unused
http://127.0.0.1:8000/code_used_count?code=9zqGgMgv3PLwhx,0,unused
http://127.0.0.1:8000/code_used_count?code=U2M85wYanIzf7K,0,unused
http://127.0.0.1:8000/code_used_count?code=kXIFvBhBduOTad,0,unused
http://127.0.0.1:8000/code_used_count?code=TgpAeHn3gZ94zT,0,unused
http://127.0.0.1:8000/code_used_count?code=EYYe0ltj1NBhJx,0,unused
http://127.0.0.1:8000/code_used_count?code=lyJAJftBJVwhbj,0,unused
http://127.0.0.1:8000/code_used_count?code=cG9dH183PJR66e,0,unused
http://127.0.0.1:8000/code_used_count?code=4c3DztKdzADwAe,0,unused
http://127.0.0.1:8000/code_used_count?code=72ihRNVqZog7xG,0,unused
http://127.0.0.1:8000/code_used_count?code=1avoN2wK1KrsGc,0,unused
http://127.0.0.1:8000/code_used_count?code=PQQbey7vgqp25p,0,unused
http://127.0.0.1:8000/code_used_count?code=B1LtPyHVY24jKZ,0,unused
http://127.0.0.1:8000/code_used_count?code=XX31LGXmMidhkc,0,unused
http://127.0.0.1:8000/code_used_count?code=aRKTeR0pfSxh3w,0,unused
http://127.0.0.1:8000/code_used_count?code=6Hd8MUYaVRUTiP,0,unused
http://127.0.0.1:8000/code_used_count?code=1sdtGwahxm9Uuu,0,unused
http://127.0.0.1:8000/code_used_count?code=FnzvzpEoVda8Ke,0,unused
http://127.0.0.1:8000/code_used_count?code=8by2Lm9f1RBrW4,0,unused
http://127.0.0.1:8000/code_used_count?code=TnK6oU2fZMeHhk,0,unused
http://127.0.0.1:8000/code_used_count?code=0xQvRIiwwUgZwJ,0,unused
http://127.0.0.1:8000/code_used_count?code=DzGi1oBXf6ICE4,0,unused
http://127.0.0.1:8000/code_used_count?code=cXHbKhLoOm8UFq,7,used
http://127.0.0.1:8000/code_used_count?code=95Kf3KEdVOFkTF,3,used
http://127.0.0.1:8000/code_used_count?code=cdNHHzf5RzBtd8,13,used
